ts_ms,funding_rate
1723910400000,0.00009134
1723939200000,0.00007828
1723968000000,0.0001
1723996800000,0.0001
1724025600000,0.00004702
1724054400000,-0.00001033
1724083200000,0.00000973
1724112000000,0.0001
1724140800000,0.00002058
1724169600000,0.00003982
1724198400000,0.00006663
1724227200000,-0.00008505
1724256000000,0.00003789
1724284800000,0.00005619
1724313600000,0.00009841
1724342400000,0.0001
1724371200000,0.00004052
1724400000000,0.00004562
1724428800000,0.00001646
1724457600000,0.0001
1724486400000,0.00006001
1724515200000,0.0001
1724544000000,0.00008876
1724572800000,0.00005018
1724601600000,0.00005214
1724630400000,-0.00002881
1724659200000,0.00007779
1724688000000,0.00009549
1724716800000,-0.00002702
1724745600000,-0.00012738
1724774400000,0.0001
1724803200000,-0.00002182
1724832000000,-0.00002053
1724860800000,0.00001536
1724889600000,0.00002983
1724918400000,-0.00000751
1724947200000,0.00008678
1724976000000,0.00008147
1725004800000,0.0001
1725033600000,-0.00000702
1725062400000,0.00004461
1725091200000,-0.00000525
1725120000000,0.00003384
1725148800000,0.000003
1725177600000,0.00003933
1725206400000,0.00004087
1725235200000,-0.00007203
1725264000000,-0.0000328
1725292800000,-0.00004859
1725321600000,-0.0000495
1725350400000,-0.00003928
1725379200000,-0.00006667
1725408000000,0.0000713
1725436800000,0.00004111
1725465600000,0.00003928
1725494400000,0.00008553
1725523200000,0.00005167
1725552000000,-0.00007469
1725580800000,0.0001
1725609600000,0.0001
1725638400000,0.00002736
1725667200000,-0.0001041
1725696000000,-0.0000263
1725724800000,0.0001
1725753600000,0.00002636
1725782400000,-0.00003962
1725811200000,-0.00006478
1725840000000,0.00004005
1725868800000,0.00009045
1725897600000,0.00008084
1725926400000,0.0001
1725955200000,0.0001
1725984000000,0.00007381
1726012800000,0.0001
1726041600000,0.00004013
1726070400000,0.00007539
1726099200000,0.00009428
1726128000000,0.00007001
1726156800000,0.00008873
1726185600000,0.0001
1726214400000,0.00005151
1726243200000,0.0001
1726272000000,-0.00004913
1726300800000,-0.00005972
1726329600000,0.00007279
1726358400000,0.00006504
1726387200000,0.00004333
1726416000000,0.000057
1726444800000,-0.00004039
1726473600000,-0.00010067
1726502400000,0.00002884
1726531200000,0.00003162
1726560000000,0.00003731
1726588800000,0.0000667
1726617600000,0.00001171
1726646400000,0.00007597
1726675200000,-0.00003014
1726704000000,0.0001
1726732800000,0.0001
1726761600000,0.0001
1726790400000,0.0001
1726819200000,0.0001
1726848000000,0.0001
1726876800000,0.0001
1726905600000,0.00006723
1726934400000,0.0001
1726963200000,0.0001
1726992000000,0.00004415
1727020800000,0.0001
1727049600000,0.00003226
1727078400000,0.0001
1727107200000,0.0001
1727136000000,0.0001
1727164800000,0.0001
1727193600000,0.0001
1727222400000,0.00006907
1727251200000,0.0001
1727280000000,0.0001
1727308800000,0.0001
1727337600000,0.0001
1727366400000,0.0001
1727395200000,0.0001
1727424000000,0.0001
1727452800000,0.00005762
1727481600000,0.0001
1727510400000,0.0001
1727539200000,0.0001
1727568000000,0.0001
1727596800000,0.0001
1727625600000,0.0001
1727654400000,0.0001
1727683200000,0.0001
1727712000000,0.0001
1727740800000,0.0000715
1727769600000,0.00000314
1727798400000,-0.00002981
1727827200000,0.000071
1727856000000,0.00002551
1727884800000,0.00007197
1727913600000,0.00003979
1727942400000,-0.00007445
1727971200000,-0.00004647
1728000000000,-0.00006081
1728028800000,0.00004879
1728057600000,0.00007848
1728086400000,0.0001
1728115200000,0.00005717
1728144000000,0.00006895
1728172800000,-0.00002517
1728201600000,0.00007371
1728230400000,0.00008697
1728259200000,0.00009378
1728288000000,0.00007718
1728316800000,0.00004162
1728345600000,-0.00010556
1728374400000,0.00000699
1728403200000,0.0001
1728432000000,0.0001
1728460800000,0.00006736
1728489600000,0.0001
1728518400000,0.00005854
1728547200000,0.0001
1728576000000,0.00005633
1728604800000,0.0001
1728633600000,0.00004073
1728662400000,0.00002959
1728691200000,0.0001
1728720000000,0.0001
1728748800000,0.0001
1728777600000,0.0001
1728806400000,0.0001
1728835200000,0.0001
1728864000000,0.0001
1728892800000,0.0000817
1728921600000,0.0001
1728950400000,0.0001
1728979200000,0.0001
1729008000000,0.0001
1729036800000,0.0001
1729065600000,0.0001
1729094400000,0.0001
1729123200000,0.0001
1729152000000,0.0001
1729180800000,0.0001
1729209600000,0.0001
1729238400000,0.0001
1729267200000,0.0001
1729296000000,0.0001
1729324800000,0.0001
1729353600000,0.0001
1729382400000,0.0001
1729411200000,0.0001
1729440000000,0.0001
1729468800000,0.0001
1729497600000,0.0001
1729526400000,0.0001
1729555200000,0.0001
1729584000000,0.0001
1729612800000,0.0001
1729641600000,0.0001
1729670400000,0.0001
1729699200000,0.0001
1729728000000,0.0001
1729756800000,0.0001
1729785600000,0.0001
1729814400000,0.0001
1729843200000,0.0001
1729872000000,0.0001
1729900800000,0.0001
1729929600000,-0.00003825
1729958400000,0.0001
1729987200000,0.0001
1730016000000,0.0001
1730044800000,0.0001
1730073600000,0.00006792
1730102400000,-0.00007965
1730131200000,-0.0000364
1730160000000,0.0001
1730188800000,0.0001
1730217600000,0.0001
1730246400000,0.0001
1730275200000,0.0001
1730304000000,0.0001
1730332800000,0.0001
1730361600000,0.0001
1730390400000,0.0001
1730419200000,0.0001
1730448000000,0.0001
1730476800000,0.0001
1730505600000,0.0001
1730534400000,0.0001
1730563200000,0.0001
1730592000000,0.0001
1730620800000,-0.00005146
1730649600000,-0.0000426
1730678400000,-0.00005062
1730707200000,-0.00003967
1730736000000,0.0001
1730764800000,-0.00005896
1730793600000,0.0001
1730822400000,0.0001
1730851200000,0.0001
1730880000000,0.0001
1730908800000,0.0001
1730937600000,0.0001
1730966400000,0.0001
1730995200000,0.0001
1731024000000,0.0001
1731052800000,0.0001
1731081600000,0.0001
1731110400000,0.0001
1731139200000,0.0001
1731168000000,0.0001
1731196800000,0.0001
1731225600000,0.00020088
1731254400000,0.00029591
1731283200000,0.00014579
1731312000000,0.0001614
1731340800000,0.0001
1731369600000,0.00016022
1731398400000,0.00054703
1731427200000,0.00046743
1731456000000,0.00022011
1731484800000,0.0001
1731513600000,0.0001
1731542400000,0.0001
1731571200000,0.0001
1731600000000,0.0001
1731628800000,0.0001
1731657600000,0.0001
1731686400000,0.0001
1731715200000,0.0001
1731744000000,0.0001
1731772800000,0.0001
1731801600000,0.00030096
1731830400000,0.00010122
1731859200000,0.00023824
1731888000000,0.00015869
1731916800000,0.0003115
1731945600000,0.00013682
1731974400000,0.00017952
1732003200000,0.00038163
1732032000000,0.0002214
1732060800000,0.00014604
1732089600000,0.0001
1732118400000,0.0001
1732147200000,0.0001
1732176000000,0.0001
1732204800000,0.0001
1732233600000,0.00024778
1732262400000,0.00039739
1732291200000,0.00017796
1732320000000,0.00029606
1732348800000,0.00050746
1732377600000,0.00057837
1732406400000,0.00022207
1732435200000,0.00030004
1732464000000,0.00040175
1732492800000,0.0001
1732521600000,0.00020696
1732550400000,0.00023471
1732579200000,0.00022387
1732608000000,0.0001
1732636800000,0.0001
1732665600000,0.0001
1732694400000,0.00017001
1732723200000,0.0001
1732752000000,0.00029085
1732780800000,0.00044027
1732809600000,0.0003389
1732838400000,0.00043313
1732867200000,0.00045881
1732896000000,0.00032068
1732924800000,0.0002181
1732953600000,0.00045248
1732982400000,0.0002836
1733011200000,0.00029024
1733040000000,0.00019735
1733068800000,0.00042772
1733097600000,0.00070632
1733126400000,0.00044686
1733155200000,0.00015633
1733184000000,0.00036873
1733212800000,0.00051786
1733241600000,0.00023497
1733270400000,0.00022025
1733299200000,0.00046333
1733328000000,0.00055901
1733356800000,0.00050641
1733385600000,0.00096979
1733414400000,0.00089539
1733443200000,0.00050796
1733472000000,0.00062845
1733500800000,0.00029592
1733529600000,0.0005928
1733558400000,0.0005708
1733587200000,0.00061696
1733616000000,0.00064157
1733644800000,0.00036634
1733673600000,0.00043023
1733702400000,0.0004875
1733731200000,0.00036111
1733760000000,0.00015718
1733788800000,0.0001
1733817600000,0.0001
1733846400000,0.0001
1733875200000,0.0001
1733904000000,0.0001
1733932800000,0.0001
1733961600000,0.0001
1733990400000,0.0001
1734019200000,0.0001
1734048000000,0.0001
1734076800000,0.0001
1734105600000,0.0001
1734134400000,0.0001
1734163200000,0.0001
1734192000000,0.0001
1734220800000,0.0001
1734249600000,0.0001
1734278400000,0.0001
1734307200000,0.0001
1734336000000,0.0001
1734364800000,0.0001
1734393600000,0.0001
1734422400000,0.0001
1734451200000,0.0001
1734480000000,0.0001
1734508800000,0.0001
1734537600000,0.0001
1734566400000,0.0001
1734595200000,0.00009564
1734624000000,0.0001
1734652800000,-0.00011103
1734681600000,0.00008752
1734710400000,0.00001619
1734739200000,0.00005322
1734768000000,0.00007557
1734796800000,0.0001
1734825600000,0.0001
1734854400000,0.0001
1734883200000,0.0001
1734912000000,0.00005732
1734940800000,0.0000957
1734969600000,0.0001
1734998400000,0.0001
1735027200000,0.0001
1735056000000,0.0001
1735084800000,0.0001
1735113600000,0.0001
1735142400000,0.0001
1735171200000,0.0001
1735200000000,0.0001
1735228800000,-0.00007276
1735257600000,0.00009024
1735286400000,0.00004997
1735315200000,0.0001
1735344000000,0.0001
1735372800000,0.0001
1735401600000,0.0001
1735430400000,0.0001
1735459200000,0.0001
1735488000000,0.0001
1735516800000,-0.00008013
1735545600000,0.00000906
1735574400000,0.00002385
1735603200000,0.00004755
1735632000000,0.00004824
1735660800000,0.0001
1735689600000,0.0001
1735718400000,0.00003895
1735747200000,0.0001
1735776000000,0.0001
1735804800000,0.0001
1735833600000,0.0001
1735862400000,0.0001
1735891200000,0.0001
1735920000000,0.0001
1735948800000,0.0001
1735977600000,0.0001
1736006400000,0.0001
1736035200000,0.0001
1736064000000,0.0001
1736092800000,0.0001
1736121600000,0.0001
1736150400000,0.0001
1736179200000,0.0001
1736208000000,0.0001
1736236800000,0.0001
1736265600000,0.0001
1736294400000,0.0001
1736323200000,0.0001
1736352000000,0.0001
1736380800000,0.00009146
1736409600000,0.00009949
1736438400000,0.00007974
1736467200000,0.00003903
1736496000000,-0.00000319
1736524800000,0.00006587
1736553600000,0.00002216
1736582400000,0.00002134
1736611200000,0.0000498
1736640000000,0.00005032
1736668800000,0.0001
1736697600000,0.0001
1736726400000,0.0001
1736755200000,0.00008319
1736784000000,0.00002438
1736812800000,-0.00000255
1736841600000,-0.00000537
1736870400000,0.00006729
1736899200000,0.0001
1736928000000,0.0001
1736956800000,0.0001
1736985600000,0.0001
1737014400000,0.0001
1737043200000,0.0001
1737072000000,0.0001
1737100800000,0.0001
1737129600000,0.0001
1737158400000,0.0001
1737187200000,0.0001
1737216000000,0.0001
1737244800000,0.0001
1737273600000,0.0001
1737302400000,0.0001
1737331200000,0.0001
1737360000000,0.0001
1737388800000,0.0001
1737417600000,0.0001
1737446400000,0.0001
1737475200000,0.0001
1737504000000,0.0001
1737532800000,0.0001
1737561600000,0.0001
1737590400000,0.0001
1737619200000,0.0001
1737648000000,0.0001
1737676800000,0.0001
1737705600000,0.0001
1737734400000,0.0001
1737763200000,0.0001
1737792000000,0.0001
1737820800000,0.0001
1737849600000,0.0001
1737878400000,0.0001
1737907200000,0.0001
1737936000000,0.0001
1737964800000,0.00004791
1737993600000,-0.00004435
1738022400000,0.00008239
1738051200000,0.00001338
1738080000000,0.0001
1738108800000,0.0001
1738137600000,0.00006801
1738166400000,0.0001
1738195200000,0.00009354
1738224000000,0.0001
1738252800000,0.0001
1738281600000,0.00004089
1738310400000,0.00005359
1738339200000,0.0001
1738368000000,0.0001
1738396800000,0.0001
1738425600000,0.0001
1738454400000,-0.00000303
1738483200000,0.0000297
1738512000000,0.00007337
1738540800000,-0.00009771
1738569600000,-0.00033591
1738598400000,-0.00010608
1738627200000,-0.00003109
1738656000000,0.0001
1738684800000,-0.0001274
1738713600000,-0.00001801
1738742400000,0.00000652
1738771200000,-0.00000001
1738800000000,0.00001561
1738828800000,0.00007977
1738857600000,0.00003553
1738886400000,-0.00005192
1738915200000,0.00002678
1738944000000,0.0001
1738972800000,-0.00002729
1739001600000,-0.00001233
1739030400000,-0.00011917
1739059200000,0.00006715
1739088000000,0.0000143
1739116800000,-0.00000956
1739145600000,-0.00006164
1739174400000,0.0000705
1739203200000,0.0001
1739232000000,0.00008239
1739260800000,0.0000467
1739289600000,0.00009537
1739318400000,0.00003858
1739347200000,0.00006554
1739376000000,0.00005701
1739404800000,0.0001
1739433600000,0.0001
1739462400000,0.00003779
1739491200000,0.00006185
1739520000000,0.00002708
1739548800000,-0.00005777
1739577600000,-0.00007514
1739606400000,0.00007972
1739635200000,0.00005223
1739664000000,0.00005257
1739692800000,-0.00006406
1739721600000,-0.0000405
1739750400000,-0.00003695
1739779200000,0.00002879
1739808000000,0.0001
1739836800000,0.0001
1739865600000,0.00001848
1739894400000,0.00003629
1739923200000,-0.00004256
1739952000000,-0.00001874
1739980800000,0.0000903
1740009600000,0.00006375
1740038400000,0.0001
1740067200000,0.00009214
1740096000000,0.0001
1740124800000,0.0001
1740153600000,0.00008262
1740182400000,0.00043661
1740211200000,0.0001
1740240000000,0.0001
1740268800000,0.0001
1740297600000,0.0001
1740326400000,0.0001
1740355200000,0.0001
1740384000000,0.0001
1740412800000,0.0001
1740441600000,0.0001
1740470400000,0.0001
1740499200000,0.0001
1740528000000,0.0001
1740556800000,0.0001
1740585600000,0.0001
1740614400000,0.0001
1740643200000,0.00008313
1740672000000,0.0001
1740700800000,0.0001
1740729600000,0.0001
1740758400000,-0.00003088
1740787200000,0.0001
1740816000000,0.0001
1740844800000,0.0001
1740873600000,0.0001
1740902400000,0.0001
1740931200000,0.00004088
1740960000000,0.0001
1740988800000,0.0001
1741017600000,0.0001
1741046400000,-0.00004539
1741075200000,-0.00024817
1741104000000,-0.00027262
1741132800000,0.00000199
1741161600000,-0.0000166
1741190400000,0.00002816
1741219200000,-0.00002322
1741248000000,0.00000447
1741276800000,-0.0001135
1741305600000,-0.00011351
1741334400000,-0.0002337
1741363200000,-0.0002148
1741392000000,-0.00012175
1741420800000,-0.00001477
1741449600000,-0.00009807
1741478400000,-0.0001531
1741507200000,0.00005619
1741536000000,0.00005785
1741564800000,0.00001845
1741593600000,-0.00010737
1741622400000,0.00004723
1741651200000,-0.00000516
1741680000000,-0.00008293
1741708800000,0.00007719
1741737600000,-0.00009681
1741766400000,-0.00014373
1741795200000,-0.00009909
1741824000000,-0.00008988
1741852800000,-0.00011128
1741881600000,-0.00010022
1741910400000,-0.00004998
1741939200000,-0.00005684
1741968000000,0.00006827
1741996800000,0.0001
1742025600000,0.0001
1742054400000,0.00007622
1742083200000,0.0000613
1742112000000,0.00003774
1742140800000,-0.0000934
1742169600000,-0.00012907
1742198400000,0.00005811
1742227200000,0.00006364
1742256000000,-0.00003242
1742284800000,-0.00011259
1742313600000,-0.00009406
1742342400000,-0.00013252
1742371200000,0.00001341
1742400000000,0.00009384
1742428800000,0.00003834
1742457600000,0.0001
1742486400000,0.0001
1742515200000,-0.00009843
1742544000000,-0.00006182
1742572800000,-0.00008142
1742601600000,-0.0000838
1742630400000,0.00003054
1742659200000,-0.00005065
1742688000000,-0.00002926
1742716800000,0.0001
1742745600000,0.00001781
1742774400000,-0.00000966
1742803200000,0.0001
1742832000000,0.0001
1742860800000,0.0001
1742889600000,0.0001
1742918400000,0.00000482
1742947200000,-0.00005247
1742976000000,-0.00004282
1743004800000,0.00008543
1743033600000,-0.00001164
1743062400000,0.00006792
1743091200000,-0.00000915
1743120000000,0.0001
1743148800000,-0.00013141
1743177600000,-0.00015945
1743206400000,-0.00021556
1743235200000,-0.000075
1743264000000,-0.0001848
1743292800000,-0.00016458
1743321600000,-0.00017138
1743350400000,-0.00007428
1743379200000,-0.0001759
1743408000000,-0.00001487
1743436800000,-0.0002338
1743465600000,-0.00006059
1743494400000,-0.00017046
1743523200000,0.00000468
1743552000000,0.0001
1743580800000,0.0001
1743609600000,0.00008098
1743638400000,0.00001893
1743667200000,-0.00001718
1743696000000,-0.00015607
1743724800000,-0.00007178
1743753600000,-0.00005511
1743782400000,-0.00002737
1743811200000,0.0001
1743840000000,0.00005351
1743868800000,0.00001685
1743897600000,0.00008076
1743926400000,0.0001
1743955200000,0.00003648
1743984000000,-0.0000745
1744012800000,0.00000285
1744041600000,-0.00009092
1744070400000,-0.00007897
1744099200000,-0.00008334
1744128000000,0.00000037
1744156800000,0.00002744
1744185600000,-0.00006553
1744214400000,0.00002391
1744243200000,0.0001
1744272000000,0.00005665
1744300800000,-0.00000608
1744329600000,-0.00002739
1744358400000,0.00007078
1744387200000,0.00002691
1744416000000,0.0001
1744444800000,0.00003288
1744473600000,0.0001
1744502400000,0.0001
1744531200000,-0.00012367
1744560000000,-0.00001546
1744588800000,0.00003446
1744617600000,-0.00002991
1744646400000,0.00005336
1744675200000,-0.00000286
1744704000000,0.0001
1744732800000,-0.0000861
1744761600000,-0.00006415
1744790400000,-0.00003568
1744819200000,-0.00005391
1744848000000,-0.00000467
1744876800000,0.00008372
1744905600000,0.0001
1744934400000,0.00006776
1744963200000,0.00001855
1744992000000,0.00001994
1745020800000,0.0001
1745049600000,0.0001
1745078400000,0.0001
1745107200000,0.00008602
1745136000000,0.0001
1745164800000,-0.00007316
1745193600000,0.00003512
1745222400000,0.0001
1745251200000,0.0001
1745280000000,0.00007871
1745308800000,0.0000545
1745337600000,0.0001
1745366400000,0.0001
1745395200000,0.0001
1745424000000,0.0001
1745452800000,0.0001
1745481600000,0.00005208
1745510400000,0.0001
1745539200000,0.0001
1745568000000,0.0001
1745596800000,-0.00000703
1745625600000,0.00006874
1745654400000,0.0001
1745683200000,0.00000125
1745712000000,0.00009092
1745740800000,0.00007513
1745769600000,0.00005095
1745798400000,0.0001
1745827200000,0.0001
1745856000000,0.0000904
1745884800000,0.00001433
1745913600000,0.00003727
1745942400000,0.00009967
1745971200000,-0.00001774
1746000000000,0.00002138
1746028800000,-0.00008405
1746057600000,-0.00009442
1746086400000,-0.00002043
1746115200000,0.00009547
1746144000000,0.0001
1746172800000,0.0001
1746201600000,0.0001
1746230400000,-0.00003816
1746259200000,0.0001
1746288000000,0.0001
1746316800000,-0.00000732
1746345600000,-0.00002657
1746374400000,-0.00008531
1746403200000,-0.00005488
1746432000000,0.00005753
1746460800000,-0.00010652
1746489600000,-0.00005763
1746518400000,-0.0000034
1746547200000,0.00004108
1746576000000,0.00001493
1746604800000,0.00004573
1746633600000,0.00004083
1746662400000,0.00009803
1746691200000,0.000088
1746720000000,0.0001
1746748800000,0.0001
1746777600000,0.0001
1746806400000,0.0001
1746835200000,0.0001
1746864000000,0.0001
1746892800000,0.0001
1746921600000,0.0001
1746950400000,0.0001
1746979200000,0.0001
1747008000000,0.0001
1747036800000,0.0001
1747065600000,0.0001
1747094400000,0.0001
1747123200000,0.0001
1747152000000,0.0001
1747180800000,0.0001
1747209600000,0.0001
1747238400000,0.0001
1747267200000,0.0001
1747296000000,0.00008283
1747324800000,0.00002971
1747353600000,0.00009797
1747382400000,0.0001
1747411200000,0.0001
1747440000000,0.00009309
1747468800000,0.00006904
1747497600000,0.00005163
1747526400000,0.00006364
1747555200000,0.00008392
1747584000000,0.0001
1747612800000,0.00000906
1747641600000,-0.00007793
1747670400000,0.00005537
1747699200000,0.0001
1747728000000,0.0001
1747756800000,0.00000418
1747785600000,0.00006123
1747814400000,0.0001
1747843200000,0.0001
1747872000000,0.0001
1747900800000,0.0001
1747929600000,0.0001
1747958400000,0.0001
1747987200000,0.0001
1748016000000,0.0001
1748044800000,0.0001
1748073600000,0.0001
1748102400000,0.0001
1748131200000,0.00003758
1748160000000,0.0001
1748188800000,0.0001
1748217600000,0.0001
1748246400000,0.00006173
1748275200000,0.0001
1748304000000,0.00003998
1748332800000,0.00004907
1748361600000,0.0001
1748390400000,0.00004435
1748419200000,-0.00000783
1748448000000,0.00006222
1748476800000,-0.0000088
1748505600000,0.0001
1748534400000,0.0001
1748563200000,0.00002672
1748592000000,-0.00000767
1748620800000,0.00006745
1748649600000,-0.00002266
1748678400000,-0.00009482
1748707200000,-0.00008186
1748736000000,0.00005104
1748764800000,-0.00000429
1748793600000,0.0000033
1748822400000,0.00003592
1748851200000,0.0001
1748880000000,0.0001
1748908800000,0.00005752
1748937600000,0.00004886
1748966400000,0.0001
1748995200000,0.0000283
1749024000000,0.00002306
1749052800000,-0.00000467
1749081600000,0.00003196
1749110400000,0.00009797
1749139200000,0.0000663
1749168000000,-0.00008567
1749196800000,-0.00008944
1749225600000,0.00001988
1749254400000,0.00006726
1749283200000,0.00006141
1749312000000,0.0000612
1749340800000,0.0001
1749369600000,0.0001
1749398400000,0.00005052
1749427200000,0.00003984
1749456000000,0.00004355
1749484800000,0.0001
1749513600000,0.00006586
1749542400000,0.0001
1749571200000,0.0001
1749600000000,0.0001
1749628800000,0.0001
1749657600000,0.0001
1749686400000,0.0001
1749715200000,0.00009139
1749744000000,0.00007141
1749772800000,-0.00002645
1749801600000,-0.00018282
1749830400000,0.00000266
1749859200000,0.0001
1749888000000,0.0000232
1749916800000,-0.00000809
1749945600000,-0.00003438
1749974400000,0.00005468
1750003200000,0.00003087
1750032000000,0.00002892
1750060800000,0.0001
1750089600000,0.0001
1750118400000,0.0001
1750147200000,0.0001
1750176000000,0.00000469
1750204800000,0.0000609
1750233600000,0.00003
1750262400000,0.00002964
1750291200000,0.00007745
1750320000000,0.0000769
1750348800000,0.00003411
1750377600000,0.0001
1750406400000,0.0000933
1750435200000,0.00000203
1750464000000,0.0000289
1750492800000,0.0000934
1750521600000,0.00007061
1750550400000,0.00003782
1750579200000,0.00002531
1750608000000,-0.00002051
1750636800000,-0.00004282
1750665600000,-0.00003015
1750694400000,-0.00000924
1750723200000,0.00000156
1750752000000,0.00004025
1750780800000,0.00001513
1750809600000,0.00005406
1750838400000,0.00006774
1750867200000,0.0000935
1750896000000,0.00004228
1750924800000,0.00006114
1750953600000,0.00009504
1750982400000,0.00001609
1751011200000,0.00006355
1751040000000,-0.00000181
1751068800000,0.0000259
1751097600000,-0.00003412
1751126400000,-0.00005139
1751155200000,0.00009979
1751184000000,0.0001
1751212800000,0.00007926
1751241600000,0.00008217
1751270400000,0.00002798
1751299200000,0.00000184
1751328000000,0.00006752
1751356800000,-0.00000469
1751385600000,-0.00009888
1751414400000,-0.00013165
1751443200000,-0.00008219
1751472000000,0.00007797
1751500800000,0.0001
1751529600000,0.0001
1751558400000,0.00007044
1751587200000,-0.00002444
1751616000000,0.0001
1751644800000,0.00002199
1751673600000,0.00005174
1751702400000,-0.00011651
1751731200000,0.00003033
1751760000000,0.00003772
1751788800000,-0.00008865
1751817600000,0.0001
1751846400000,0.0000707
1751875200000,0.0001
1751904000000,0.00004787
1751932800000,0.00004958
1751961600000,0.00002741
1751990400000,0.00003365
1752019200000,0.00002748
1752048000000,0.0000825
1752076800000,0.00007128
1752105600000,0.0001
1752134400000,0.0001
1752163200000,0.00005736
1752192000000,0.0001
1752220800000,0.0001
1752249600000,0.0001
1752278400000,0.0001
1752307200000,0.0001
1752336000000,0.0001
1752364800000,0.0001
1752393600000,0.0001
1752422400000,0.0001
1752451200000,0.0001
1752480000000,0.0001
1752508800000,0.0001
1752537600000,0.0001
1752566400000,0.0001
1752595200000,0.0001
1752624000000,0.0001
1752652800000,0.0001
1752681600000,0.0001
1752710400000,0.0001
1752739200000,0.0001
1752768000000,0.0001
1752796800000,0.0001
1752825600000,0.0001
1752854400000,0.0001
1752883200000,0.0001
1752912000000,0.0001
1752940800000,0.0001
1752969600000,0.0001
1752998400000,0.0001
1753027200000,0.0001
1753056000000,0.0001
1753084800000,0.0001
1753113600000,0.00023367
1753142400000,0.0001
1753171200000,0.0001
1753200000000,0.0001
1753228800000,0.0001
1753257600000,0.0001
1753286400000,0.0001
1753315200000,0.0001
1753344000000,0.0001
1753372800000,0.0001
1753401600000,0.0001
1753430400000,0.0001
1753459200000,0.0001
1753488000000,0.0001
1753516800000,0.0001
1753545600000,0.0001
1753574400000,0.0001
1753603200000,0.0001
1753632000000,0.0001
1753660800000,0.0001
1753689600000,0.0001
1753718400000,0.0001
1753747200000,0.0001
1753776000000,0.0001
1753804800000,0.0001
1753833600000,0.0001
1753862400000,0.0001
1753891200000,0.0001
1753920000000,0.0001
1753948800000,0.0001
1753977600000,0.0001
1754006400000,0.00005187
1754035200000,0.0000226
1754064000000,0.00007614
1754092800000,0.00003936
1754121600000,0.00008488
1754150400000,-0.00001159
1754179200000,0.00007657
1754208000000,-0.00005991
1754236800000,-0.0000337
1754265600000,0.00008305
1754294400000,0.00008949
1754323200000,-0.00000526
1754352000000,0.00005531
1754380800000,0.00005799
1754409600000,0.000095
1754438400000,0.00005533
1754467200000,-0.00000393
1754496000000,0.00005931
1754524800000,0.00006947
1754553600000,0.0001
1754582400000,0.0001
1754611200000,0.0001
1754640000000,0.0001
1754668800000,0.0001
1754697600000,0.0001
1754726400000,0.0001
1754755200000,0.0001
1754784000000,0.0001
1754812800000,0.0001
1754841600000,0.0001
1754870400000,0.0001
1754899200000,0.0001
1754928000000,-0.00005286
1754956800000,-0.00002186
1754985600000,0.00009427
1755014400000,-0.00001466
1755043200000,0.0001
1755072000000,0.0001
1755100800000,0.0001
1755129600000,0.0001
1755158400000,0.0001
1755187200000,0.0001
1755216000000,0.0001
1755244800000,0.0001
1755273600000,0.0001
1755302400000,0.0001
1755331200000,0.0001
1755360000000,-0.00000761
1755388800000,0.00003509
1755417600000,0.0001
1755446400000,0.0001
1755475200000,0.0001
1755504000000,0.00000022
1755532800000,-0.00000773
1755561600000,0.00009734
1755590400000,0.0001
1755619200000,-0.00001473
1755648000000,-0.0000149
1755676800000,-0.00010888
1755705600000,0.0001
1755734400000,0.00003338
1755763200000,0.00003551
1755792000000,0.000046
1755820800000,0.00005139
1755849600000,0.00004843
1755878400000,0.00000106
1755907200000,0.0001
1755936000000,0.0001
1755964800000,0.0001
1755993600000,0.0001
1756022400000,0.0001
1756051200000,0.0001
1756080000000,0.0001
1756108800000,0.00009036
1756137600000,-0.00004304
1756166400000,-0.00015607
1756195200000,-0.0000155
1756224000000,0.00001426
1756252800000,0.0001
1756281600000,0.0001
1756310400000,0.00006906
1756339200000,0.00004558
1756368000000,0.00004999
1756396800000,0.00009696
1756425600000,0.00005084
1756454400000,0.0000737
1756483200000,0.00002565
1756512000000,0.0001
1756540800000,0.00004294
1756569600000,-0.00004229
1756598400000,0.00000096
1756627200000,0.0001
1756656000000,0.00002183
1756684800000,0.00005047
1756713600000,0.00004694
1756742400000,0.0001
1756771200000,-0.00006637
1756800000000,0.0001
1756828800000,0.0001
1756857600000,0.00004166
1756886400000,0.00004751
1756915200000,0.00006497
1756944000000,0.0001
1756972800000,0.0001
1757001600000,0.0000149
1757030400000,0.0000121
1757059200000,0.0001
1757088000000,0.0001
1757116800000,0.0001
1757145600000,0.00000684
1757174400000,0.00004159
1757203200000,0.0000348
1757232000000,0.0001
1757260800000,0.00006804
1757289600000,0.0001
1757318400000,0.0001
1757347200000,0.0001
1757376000000,0.0001
1757404800000,0.0001
1757433600000,0.0001
1757462400000,0.0001
1757491200000,0.0001
1757520000000,0.0001
1757548800000,0.0001
1757577600000,0.0001
1757606400000,0.0001
1757635200000,0.0001
1757664000000,0.0001
1757692800000,0.0001
1757721600000,0.0001
1757750400000,0.0001
1757779200000,0.0001
1757808000000,0.0001
1757836800000,0.0001
1757865600000,0.0001
1757894400000,0.0001
1757923200000,0.0001
1757952000000,0.0000848
1757980800000,0.0001
1758009600000,0.00006099
1758038400000,0.0001
1758067200000,0.00003578
1758096000000,0.0000356
1758124800000,0.0000149
1758153600000,0.0001
1758182400000,0.0001
1758211200000,0.0001
1758240000000,0.0001
1758268800000,0.0001
1758297600000,0.0001
1758326400000,0.0001
1758355200000,0.0001
1758384000000,0.0001
1758412800000,0.0001
1758441600000,0.0001
1758470400000,0.0001
1758499200000,0.00007732
1758528000000,-0.00005991
1758556800000,0.00003721
1758585600000,-0.0000975
1758614400000,0.00002389
1758643200000,0.00002472
1758672000000,0.00005753
1758700800000,0.0001
1758729600000,0.0001
1758758400000,0.00002408
1758787200000,0.00006762
1758816000000,0.00003388
1758844800000,0.00006279
1758873600000,0.0001
1758902400000,0.0000072
1758931200000,0.00003237
1758960000000,0.00009886
1758988800000,0.00002518
1759017600000,0.0001
1759046400000,0.00001812
1759075200000,0.00003035
1759104000000,0.00008068
1759132800000,0.00005715
1759161600000,-0.00000829
1759190400000,0.0001
1759219200000,0.00006952
1759248000000,0.00004962
1759276800000,0.0001
1759305600000,0.00005112
1759334400000,0.00000754
1759363200000,0.00002446
1759392000000,0.0001
1759420800000,0.00008321
1759449600000,0.0001
1759478400000,0.0001
1759507200000,0.00009304
1759536000000,0.0001
1759564800000,0.0000336
1759593600000,0.00007143
1759622400000,0.0001
1759651200000,0.0001
1759680000000,0.0001
1759708800000,0.00001881
1759737600000,0.0001
1759766400000,0.0001
1759795200000,0.0001
1759824000000,0.0001
1759852800000,0.0001
1759881600000,0.0001
1759910400000,0.00000478
1759939200000,0.00005806
1759968000000,0.0001
1759996800000,0.0001
1760025600000,0.0000715
1760054400000,0.0001
1760083200000,0.0001
1760112000000,0.0001
1760140800000,-0.00561711
1760169600000,-0.00000795
1760198400000,-0.00011725
1760227200000,-0.00004748
1760256000000,-0.00006014
1760284800000,0.00000003
1760313600000,-0.00000435
1760342400000,-0.00001494
1760371200000,0.0001
1760400000000,0.0001
1760428800000,0.00005546
1760457600000,-0.00005024
1760486400000,-0.00006072
1760515200000,0.00006502
1760544000000,0.00001416
1760572800000,-0.00004827
1760601600000,-0.00006782
1760630400000,-0.00000934
1760659200000,0.00000693
1760688000000,0.00002898
1760716800000,0.00004232
1760745600000,-0.00002634
1760774400000,-0.00000521
1760803200000,-0.00002408
1760832000000,0.00004146
1760860800000,-0.00001027
1760889600000,-0.0001045
1760918400000,0.00008666
1760947200000,-0.0000337
1760976000000,0.0001
1761004800000,0.0001
1761033600000,0.0000637
1761062400000,0.00008811
1761091200000,0.00005949
1761120000000,-0.00004297
1761148800000,0.00001884
1761177600000,0.00007621
1761206400000,0.00001446
1761235200000,0.00009004
1761264000000,0.0001
1761292800000,0.00007114
1761321600000,-0.00001667
1761350400000,0.00005688
1761379200000,-0.00008186
1761408000000,0.00008233
1761436800000,0.0001
1761465600000,0.00001911
1761494400000,-0.00000138
1761523200000,0.00003847
1761552000000,-0.00001214
1761580800000,0.0001
1761609600000,0.00004037
1761638400000,0.0001
1761667200000,0.00000278
1761696000000,-0.00004333
1761724800000,-0.00011019
1761753600000,0.00009297
1761782400000,0.00009723
1761811200000,-0.00001067
1761840000000,-0.00002069
1761868800000,-0.00010784
1761897600000,-0.00007921
1761926400000,-0.00001707
1761955200000,-0.00000831
1761984000000,0.00005873
1762012800000,0.00005109
1762041600000,0.00001812
1762070400000,0.00001394
1762099200000,-0.0000671
1762128000000,-0.00003661
1762156800000,-0.00011345
1762185600000,0.00002859
1762214400000,0.00003815
1762243200000,0.0000519
1762272000000,0.00004927
1762300800000,0.0001
1762329600000,0.0001
1762358400000,0.0001
1762387200000,0.0001
1762416000000,-0.00000079
1762444800000,-0.00000876
1762473600000,0.00009902
1762502400000,0.0001
1762531200000,-0.0000215
1762560000000,-0.00000038
1762588800000,0.00007387
1762617600000,0.00005479
1762646400000,-0.00011845
1762675200000,0.00000278
1762704000000,-0.00002088
1762732800000,0.00006427
1762761600000,0.00000877
1762790400000,0.0000195
1762819200000,0.00002802
1762848000000,-0.00005736
1762876800000,0.00004562
1762905600000,0.00000302
1762934400000,-0.00008052
1762963200000,0.0001
1762992000000,-0.00003674
1763020800000,0.00003251
1763049600000,0.0001
1763078400000,-0.00007593
1763107200000,0.00005295
1763136000000,0.0001
1763164800000,-0.00000445
1763193600000,0.00005171
1763222400000,0.0001
1763251200000,-0.00002628
1763280000000,0.00005407
1763308800000,0.00002741
1763337600000,0.0001
1763366400000,0.00005022
1763395200000,0.0001
1763424000000,0.0001
1763452800000,0.0001
1763481600000,0.0001
1763510400000,-0.00002229
1763539200000,0.0001
1763568000000,-0.000042
1763596800000,0.0001
1763625600000,0.0001
1763654400000,0.0001
1763683200000,-0.00000412
1763712000000,0.0001
1763740800000,0.00004176
1763769600000,-0.00003156
1763798400000,0.00000901
1763827200000,-0.00001538
1763856000000,0.00004869
1763884800000,0.000046
1763913600000,-0.00004758
1763942400000,-0.0001014
1763971200000,-0.00002293
1764000000000,0.00004767
1764028800000,-0.00001529
1764057600000,0.0001
1764086400000,0.00000967
1764115200000,0.0001
1764144000000,0.0001
1764172800000,0.00000201
1764201600000,0.0001
1764230400000,0.00004258
1764259200000,-0.00002276
1764288000000,0.00001805
1764316800000,-0.00009473
1764345600000,0.00001015
1764374400000,-0.00002202
1764403200000,-0.00001492
1764432000000,0.00001861
1764460800000,0.00008858
1764489600000,-0.00008426
1764518400000,0.0001
1764547200000,0.0000216
1764576000000,-0.00012576
1764604800000,-0.00002207
1764633600000,-0.00008589
1764662400000,-0.00006098
1764691200000,-0.00001234
1764720000000,0.0001
1764748800000,0.0001
1764777600000,-0.00000225
1764806400000,0.00000384
1764835200000,0.0001
1764864000000,0.00002264
1764892800000,0.00003813
1764921600000,0.00007002
1764950400000,-0.00002492
1764979200000,-0.00002316
1765008000000,-0.00004867
1765036800000,0.00001987
1765065600000,0.00002567
1765094400000,0.0001
1765123200000,-0.00006647
1765152000000,0.00003973
1765180800000,0.00000935
1765209600000,0.0001
1765238400000,-0.00000786
1765267200000,0.0000311
1765296000000,-0.00004421
1765324800000,0.0001
1765353600000,-0.00012732
1765382400000,-0.00013692
1765411200000,-0.00000363
1765440000000,0.00005579
1765468800000,-0.0000108
1765497600000,-0.00000416
1765526400000,-0.00006168
1765555200000,0.00001482
1765584000000,-0.00001706
1765612800000,0.00008438
1765641600000,0.0001
1765670400000,0.00004905
1765699200000,0.00001453
1765728000000,0.00006302
1765756800000,-0.00003634
1765785600000,0.000038
1765814400000,0.00005745
1765843200000,-0.00006528
1765872000000,-0.00006477
1765900800000,-0.00003849
1765929600000,-0.00002178
1765958400000,0.00009155
1765987200000,0.00004822
1766016000000,-0.00008935
1766044800000,0.0000097
1766073600000,0.0001
1766102400000,-0.00003328
1766131200000,0.00007593
1766160000000,0.00004674
1766188800000,0.0001
1766217600000,0.00001753
1766246400000,0.00005007
1766275200000,0.00001455
1766304000000,-0.00008855
1766332800000,-0.00014386
1766361600000,0.00000733
1766390400000,-0.00000095
1766419200000,0.00001751
1766448000000,-0.00005727
1766476800000,0.00001799
1766505600000,0.00004706
1766534400000,0.0001
1766563200000,-0.00005783
1766592000000,-0.00007836
1766620800000,-0.00002293
1766649600000,0.00002131
1766678400000,-0.00004202
1766707200000,0.0000092
1766736000000,0.0001
1766764800000,0.00008924
1766793600000,0.00006692
1766822400000,0.00009837
1766851200000,0.00009113
1766880000000,0.00000712
1766908800000,0.00001105
1766937600000,0.00005354
1766966400000,0.0001
1766995200000,0.00008252
1767024000000,0.00005543
1767052800000,0.00006231
1767081600000,0.00006261
1767110400000,0.00004699
1767139200000,0.00001058
1767168000000,0.0001
1767196800000,0.00008342
1767225600000,-0.00003591
1767254400000,0.00007894
1767283200000,0.00008771
1767312000000,0.0001
1767340800000,0.00004023
1767369600000,0.0001
1767398400000,0.0001
1767427200000,0.0001
1767456000000,0.0001
1767484800000,0.0001
1767513600000,-0.00001061
1767542400000,0.00009161
1767571200000,0.0001
1767600000000,-0.00002747
1767628800000,0.0001
1767657600000,0.0000349
1767686400000,-0.00008924
1767715200000,-0.00000574
1767744000000,0.0001
1767772800000,0.0001
1767801600000,-0.00010166
1767830400000,0.00006334
1767859200000,0.00009406
1767888000000,0.0001
1767916800000,0.00000718
1767945600000,-0.00000627
1767974400000,0.00001251
1768003200000,-0.00004223
1768032000000,0.00000018
1768060800000,0.0001
1768089600000,-0.00001476
1768118400000,0.0001
1768147200000,0.0001
1768176000000,-0.00012757
1768204800000,-0.00002357
1768233600000,0.00008401
1768262400000,-0.00011673
1768291200000,0.0001
1768320000000,0.0001
1768348800000,0.0001
1768377600000,0.0001
1768406400000,0.0001
1768435200000,0.00000783
1768464000000,-0.00007597
1768492800000,-0.00000751
1768521600000,-0.00001763
1768550400000,0.0000459
1768579200000,-0.00005714
1768608000000,0.0001
1768636800000,0.0001
1768665600000,0.00004989
1768694400000,0.00003755
1768723200000,-0.00002632
1768752000000,-0.00005237
1768780800000,0.00004048
1768809600000,-0.00010678
1768838400000,0.00003567
1768867200000,0.0001
1768896000000,-0.00001688
1768924800000,0.00002341
1768953600000,-0.00005946
1768982400000,0.0001
1769011200000,0.00003563
1769040000000,0.0001
1769068800000,0.00005788
1769097600000,-0.00008592
1769126400000,-0.00012331
1769155200000,0.0001
1769184000000,0.00000472
1769212800000,0.00001021
1769241600000,0.0001
1769270400000,0.00006371
1769299200000,0.0001
1769328000000,0.00001933
1769356800000,-0.00013039
1769385600000,-0.00010006
1769414400000,0.0001
1769443200000,0.00008041
1769472000000,0.00007586
1769500800000,0.0001
1769529600000,0.00001209
1769558400000,0.0001
1769587200000,0.0001
1769616000000,0.0001
1769644800000,0.0001
1769673600000,0.00000225
1769702400000,-0.00011622
1769731200000,0.00000909
1769760000000,-0.00009766
1769788800000,0.00005023
1769817600000,0.0001
1769846400000,0.0001
1769875200000,-0.0000351
1769904000000,-0.00018754
1769932800000,-0.00002771
1769961600000,0.00000533
1769990400000,0.00003166
1770019200000,0.00004735
1770048000000,-0.00014293
1770076800000,-0.0002012
1770105600000,0.00000063
1770134400000,-0.00007262
1770163200000,0.00007547
1770192000000,0.0001
1770220800000,0.00000774
1770249600000,-0.00007897
1770278400000,0.00002342
1770307200000,0.00006613
1770336000000,-0.00019844
1770364800000,-0.00002681
1770393600000,-0.00004123
1770422400000,-0.00007955
1770451200000,-0.00001643
1770480000000,0.00007323
1770508800000,0.0001
1770537600000,-0.000061
1770566400000,-0.00001762
1770595200000,-0.00009428
1770624000000,-0.00012207
1770652800000,-0.00010586
1770681600000,0.0001
1770710400000,0.00003666
1770739200000,-0.00008965
1770768000000,-0.00005318
1770796800000,-0.00006058
1770825600000,-0.00004825
1770854400000,0.0001
1770883200000,0.0001
1770912000000,0.0001
1770940800000,0.00000301
1770969600000,-0.00001738
1770998400000,0.00001955
1771027200000,0.0001
1771056000000,0.0001
1771084800000,0.0001
1771113600000,0.0001
1771142400000,-0.00000036
1771171200000,-0.00008068
1771200000000,-0.00000439
1771228800000,0.0000694
1771257600000,-0.00015353
1771286400000,0.00002935
1771315200000,-0.00002833
1771344000000,-0.00005407
1771372800000,-0.00000657
1771401600000,-0.0000725
1771430400000,-0.00011111
1771459200000,0.0000241
1771488000000,0.00007184
1771516800000,-0.00009352
1771545600000,0.0001
1771574400000,-0.00003172
1771603200000,0.0001
1771632000000,-0.00005
1771660800000,0.0001
1771689600000,-0.00004481
1771718400000,-0.00012867
1771747200000,-0.00014141
1771776000000,-0.00008032
1771804800000,-0.0001245
1771833600000,-0.00003605
1771862400000,0.0000794
1771891200000,0.00007884
1771920000000,-0.00001511
1771948800000,0.00005148
1771977600000,0.0001
1772006400000,-0.00002572
1772035200000,0.0001
1772064000000,0.0001
1772092800000,-0.00003512
1772121600000,0.00001414
1772150400000,0.00002677
1772179200000,0.0001
1772208000000,-0.00013099
1772236800000,0.00001489
1772265600000,-0.0000627
1772294400000,0.00000518
1772323200000,0.00003835
1772352000000,0.0001
1772380800000,0.00003358
1772409600000,0.0001
1772438400000,0.0001
1772467200000,0.00005127
1772496000000,-0.00006712
1772524800000,-0.00008733
1772553600000,-0.00001417
1772582400000,-0.00006639
1772611200000,-0.00012192
1772640000000,0.0001
1772668800000,0.0001
1772697600000,0.0001
1772726400000,0.00009016
1772755200000,0.0001
1772784000000,0.00003675
1772812800000,-0.00023433
1772841600000,-0.00008418
1772870400000,-0.00004729
1772899200000,-0.00020944
1772928000000,-0.00010043
1772956800000,-0.0000378
1772985600000,-0.00008903
1773014400000,-0.00003785
1773043200000,0.00005659
1773072000000,0.00009111
1773100800000,-0.00001536
1773129600000,0.0001
1773158400000,0.0001
1773187200000,0.00003591
1773216000000,-0.00006778
1773244800000,0.0000864
1773273600000,0.0001
1773302400000,-0.00009454
1773331200000,0.00008081
1773360000000,0.00002375
1773388800000,0.0001
1773417600000,0.0001
1773446400000,0.00004802
1773475200000,-0.00005289
1773504000000,-0.00016814
1773532800000,-0.00002462
1773561600000,0.00008528
1773590400000,0.00009695
1773619200000,0.00001609
1773648000000,0.0001
1773676800000,0.0001
1773705600000,0.00008135
1773734400000,-0.00005704
1773763200000,0.00006163
1773792000000,-0.00006282
1773820800000,-0.00000412
1773849600000,-0.00008913
1773878400000,-0.00001184
1773907200000,-0.00011697
1773936000000,-0.0001104
1773964800000,0.00003405
1773993600000,0.00000972
1774022400000,0.00000931
1774051200000,0.00003855
1774080000000,0.0001
1774108800000,-0.00001287
1774137600000,-0.00002625
1774166400000,-0.0001325
1774195200000,-0.00023653
1774224000000,0.00004959
1774252800000,-0.00004997
1774281600000,0.00007602
1774310400000,0.00007393
1774339200000,0.00006144
1774368000000,0.0000413
1774396800000,0.0001
1774425600000,0.000011
1774454400000,0.0001
1774483200000,0.0001
1774512000000,0.0000379
1774540800000,-0.00006952
1774569600000,0.0001
1774598400000,-0.00000213
1774627200000,-0.00009008
1774656000000,-0.00013054
1774684800000,0.00001218
1774713600000,-0.00004216
1774742400000,-0.00001086
1774771200000,0.0001
1774800000000,0.00006001
1774828800000,0.00003885
1774857600000,-0.00007432
1774886400000,0.00006786
1774915200000,0.00004355
1774944000000,-0.00004331
1774972800000,-0.00002768
1775001600000,-0.00021591
1775030400000,0.0001
1775059200000,0.0001
1775088000000,0.0001
1775116800000,-0.00018974
1775145600000,-0.00008573
1775174400000,0.00000032
1775203200000,0.0001
1775232000000,0.0001
1775260800000,0.0001
1775289600000,0.0001
1775318400000,0.0001
1775347200000,0.0001
1775376000000,-0.0000617
1775404800000,0.00006036
1775433600000,0.0001
1775462400000,0.0001
1775491200000,0.0001
1775520000000,0.0001
1775548800000,-0.00004869
1775577600000,-0.00022736
1775606400000,0.0001
1775635200000,0.0001
1775664000000,0.0001
1775692800000,0.0001
1775721600000,-0.00001376
1775750400000,0.0000823
1775779200000,0.0001
1775808000000,-0.00003037
1775836800000,0.0001
1775865600000,0.0001
1775894400000,0.00004003
1775923200000,-0.0000426
1775952000000,0.0001
1775980800000,-0.00013903
1776009600000,0.00003233
1776038400000,0.00008188
1776067200000,-0.00001649
1776096000000,-0.00005479
1776124800000,0.0001
1776153600000,0.0001
1776182400000,0.0001
1776211200000,-0.00005738
1776240000000,-0.0001499
1776268800000,0.0001
1776297600000,0.0001
1776326400000,0.0001
1776355200000,0.0001
1776384000000,0.00007541
1776412800000,0.0000572
1776441600000,0.0001
1776470400000,0.0001
1776499200000,-0.00010454
1776528000000,-0.00007603
1776556800000,-0.00010514
1776585600000,-0.00013963
1776614400000,0.00008051
1776643200000,-0.00010654
1776672000000,-0.00000077
1776700800000,0.0001
1776729600000,0.0001
1776758400000,0.00008589
1776787200000,0.0001
1776816000000,0.00002546
1776844800000,0.0001
1776873600000,0.0001
1776902400000,0.00002826
1776931200000,-0.00008136
1776960000000,0.0001
1776988800000,0.00009241
1777017600000,0.00008079
1777046400000,0.0001
1777075200000,0.00000731
1777104000000,-0.00003711
1777132800000,-0.00007484
1777161600000,-0.00004196
1777190400000,-0.00002279
1777219200000,0.00003834
1777248000000,-0.00007892
1777276800000,-0.00004465
1777305600000,-0.00006393
1777334400000,-0.00000273
1777363200000,0.00007851
1777392000000,0.00002422
1777420800000,0.00005028
1777449600000,0.0001
1777478400000,0.00004727
1777507200000,-0.0001079
1777536000000,0.0001
1777564800000,0.0001
1777593600000,0.0001
1777622400000,0.0001
1777651200000,0.0001
1777680000000,0.00007776
1777708800000,0.00003794
1777737600000,0.0001
1777766400000,0.0000551
1777795200000,-0.00009289
1777824000000,0.0001
1777852800000,0.00004796
1777881600000,0.0001
1777910400000,0.0001
1777939200000,0.00007542
1777968000000,0.00004244
1777996800000,0.00004646
1778025600000,-0.00000267
1778054400000,0.00004902
1778083200000,-0.00011145
1778112000000,-0.00016893
1778140800000,0.0000924
1778169600000,-0.00003331
1778198400000,0.0001
1778227200000,0.00009794
1778256000000,0.0001
1778284800000,0.0001
1778313600000,0.00001745
1778342400000,0.00005968
1778371200000,0.00007058
1778400000000,-0.00002777
1778428800000,0.00000546
1778457600000,0.00007847
1778486400000,-0.00002191
1778515200000,0.0000129
1778544000000,0.00002396
1778572800000,0.0000743
1778601600000,-0.00004447
1778630400000,0.00005152
1778659200000,0.00000116
1778688000000,-0.00005572
1778716800000,0.0001
1778745600000,0.0000352
1778774400000,0.00007793
1778803200000,0.0001
1778832000000,0.00000891
1778860800000,-0.00010752
1778889600000,0.0001
1778918400000,-0.00011713
1778947200000,0.00002316
1778976000000,0.0001
1779004800000,0.00000528
1779033600000,-0.00005064
1779062400000,0.00001279
1779091200000,0.00002505
1779120000000,0.0000403
1779148800000,0.0001
1779177600000,0.00003329
1779206400000,0.00007873
1779235200000,0.0001
1779264000000,0.0001
1779292800000,0.0001
1779321600000,0.00001453
1779350400000,0.00001742
1779379200000,-0.00007093
1779408000000,0.0001
1779436800000,0.00005874
1779465600000,0.00004273
1779494400000,0.00007788
1779523200000,-0.00011034
1779552000000,-0.00028432
1779580800000,0.00009392
1779609600000,0.0001
1779638400000,-0.00007143
1779667200000,-0.0001247
1779696000000,0.00007146
1779724800000,0.0001
1779753600000,0.0001
1779782400000,0.00004404
1779811200000,0.0001
1779840000000,-0.00015
1779868800000,0.00003253
1779897600000,0.0000753
1779926400000,0.00004029
1779955200000,-0.00021182
1779984000000,0.00008066
1780012800000,0.00008092
1780041600000,0.0001
1780070400000,-0.00003486
1780099200000,-0.00012047
1780128000000,-0.00009075
1780156800000,-0.00012563
1780185600000,0.00000435
1780214400000,-0.00004913
1780243200000,0.0000501
1780272000000,0.0001
1780300800000,-0.00003071
1780329600000,0.0000172
1780358400000,0.0001
1780387200000,-0.00009388
1780416000000,-0.00012235
1780444800000,0.00005313
1780473600000,0.00001207
1780502400000,0.0001
1780531200000,-0.00008832
1780560000000,-0.00003515
1780588800000,-0.000093
1780617600000,-0.00015438
1780646400000,0.0001
1780675200000,-0.00013197
1780704000000,-0.00020405
1780732800000,0.00000736
1780761600000,-0.00006864
1780790400000,-0.00008096
1780819200000,-0.00007993
1780848000000,0.00009547
1780876800000,0.0001
1780905600000,0.0001
1780934400000,0.0001
1780963200000,-0.00011055
1780992000000,0.00007236
1781020800000,0.00006562
1781049600000,0.0001
1781078400000,0.00000868
1781107200000,-0.00008102
1781136000000,0.00005785
1781164800000,0.00000894
1781193600000,0.00006872
1781222400000,0.0001
1781251200000,0.0001
1781280000000,0.00002656
1781308800000,0.00003806
1781337600000,0.00001174
1781366400000,0.00002819
1781395200000,0.0000857
1781424000000,-0.00003715
1781452800000,0.00000677
1781481600000,0.0001
1781510400000,-0.00002726
1781539200000,0.00003777
1781568000000,0.00002006
1781596800000,-0.00002449
1781625600000,-0.00003258
1781654400000,0.0001
1781683200000,-0.0000614
1781712000000,0.00007351
1781740800000,-0.00002972
1781769600000,-0.0001759
1781798400000,-0.00002623
1781827200000,0.0001
1781856000000,-0.0000856
1781884800000,-0.00003963
1781913600000,-0.00004835
1781942400000,0.00008775
1781971200000,0.00002934
1782000000000,0.00006381
1782028800000,-0.00009729
1782057600000,0.00001273
1782086400000,-0.00002202
1782115200000,0.0000337
1782144000000,-0.00006154
1782172800000,-0.00019358
1782201600000,-0.00012824
1782230400000,0.0001
1782259200000,-0.00000095
1782288000000,-0.0000132
1782316800000,0.00001071
1782345600000,-0.0002195
1782374400000,-0.00015085
1782403200000,0.00002574
1782432000000,-0.00000225
1782460800000,-0.00001354
1782489600000,0.00005346
1782518400000,0.00002646
1782547200000,0.0000862
1782576000000,-0.00002432
1782604800000,-0.00012151
1782633600000,-0.00014025
1782662400000,-0.00003363
1782691200000,-0.00003956
1782720000000,0.00001051
1782748800000,0.00009607
1782777600000,0.0001
1782806400000,0.00001381
1782835200000,0.00000443
1782864000000,0.00009503
1782892800000,-0.00000764
1782921600000,0.00005312
1782950400000,-0.00000518
1782979200000,-0.00003005
1783008000000,0.0001
1783036800000,0.0001
1783065600000,0.0001
1783094400000,0.00008978
1783123200000,0.0001
1783152000000,0.0001
1783180800000,0.0001
1783209600000,0.0001
1783238400000,0.00008141
1783267200000,0.0001
1783296000000,0.0001
1783324800000,-0.00000802
1783353600000,0.0001
1783382400000,0.0001
1783411200000,-0.00000694
1783440000000,0.0001
1783468800000,0.0000974
1783497600000,0.00002908
1783526400000,-0.00002651
1783555200000,-0.00003325
1783584000000,0.00004296
1783612800000,-0.00002765
1783641600000,0.0001
1783670400000,0.00009618
1783699200000,-0.00023171
1783728000000,0.00007696
1783756800000,-0.00001442
1783785600000,-0.00004181
1783814400000,-0.00009438
1783843200000,-0.00006117
1783872000000,-0.00007776
1783900800000,-0.00003255
1783929600000,0.00007473
1783958400000,0.00004527
1783987200000,-0.00008512
1784016000000,0.0001
1784044800000,-0.00008073
1784073600000,0.0001
1784102400000,0.00000768
1784131200000,-0.00002999
1784160000000,-0.00004647
1784188800000,-0.00002975
1784217600000,0.0001
1784246400000,0.0001
1784275200000,0.00002135
1784304000000,0.0001
1784332800000,0.0001
1784361600000,0.0001
1784390400000,0.0001
1784419200000,0.0001
1784448000000,0.0001
1784476800000,0.0001
1784505600000,0.0001
1784534400000,-0.0000116
1784563200000,0.000096
1784592000000,0.00003345
1784620800000,0.0001
1784649600000,0.00008282
1784678400000,0.00008146
1784707200000,0.00000143
1784736000000,0.00006198
1784764800000,-0.00003658
1784793600000,-0.00005792
1784822400000,-0.00000125
1784851200000,0.00003426
1784880000000,-0.00005309
1784908800000,-0.00015616
1784937600000,-0.00010727
1784966400000,-0.00012947
1784995200000,-0.0000904
1785024000000,0.0001
1785052800000,0.00001782
1785081600000,-0.0001358
1785110400000,-0.00000348
1785139200000,-0.00002749
1785168000000,-0.0001485
1785196800000,-0.00008571
1785225600000,-0.00001318
1785254400000,0.0001
1785283200000,0.0001
1785312000000,0.00006011
1785340800000,0.0000827
1785369600000,0.00009912
1785398400000,0.00005809
1785427200000,0.0001
1785456000000,0.0000482
1785484800000,0.0001
1785513600000,0.0001
1785542400000,-0.00014249
1785571200000,0.0001
1785600000000,0.0001
1785628800000,0.0001
1785657600000,0.0001
1785686400000,0.0001
1785715200000,0.0001
1785744000000,0.0001
1785772800000,0.0001
1785801600000,-0.00003438
1785830400000,0.00005015
1785859200000,0.00001232
1785888000000,0.0001
1785916800000,0.00007157
1785945600000,-0.00003457
1785974400000,0.0001
1786003200000,-0.00002315
1786032000000,-0.00000894
1786060800000,-0.00001988
1786089600000,-0.00014742
1786118400000,-0.00016023
1786147200000,0.0001
1786176000000,-0.00002361
1786204800000,-0.00008496
1786233600000,0.00006805
1786262400000,0.0001
1786291200000,0.0001
1786320000000,0.0001
1786348800000,0.0001
1786377600000,0.0001
1786406400000,0.0001
1786435200000,0.0001
1786464000000,0.0001
1786492800000,0.0001
1786521600000,0.00007836
1786550400000,-0.0000595
1786579200000,0.00005261
1786608000000,0.0001
1786636800000,0.00004457
1786665600000,0.00006637
1786694400000,0.00007755
1786723200000,0.0001
1786752000000,0.0001
1786780800000,0.0001
1786809600000,-0.0001309
1786838400000,-0.00008553
1786867200000,0.00004013
1786896000000,-0.00002443
1786924800000,-0.0000845
1786953600000,-0.00006685
