symbol,strategy,bars,trades,win_rate,pnl,pnl_pct,sharpe,pf,max_dd_pct
BTCUSDT,baseline_rsi_ema,2486,2,50.0,0.2776,0.293,-8.22,1.889,0.41
BTCUSDT,phase1_filtered,2486,0,0.0,0.0,0.0,0.0,0.0,0.0
ETHUSDT,baseline_rsi_ema,2486,8,37.5,-0.3514,-0.381,-4.291,0.774,0.93
ETHUSDT,phase1_filtered,2486,0,0.0,0.0,0.0,0.0,0.0,0.0
SOLUSDT,baseline_rsi_ema,2486,4,50.0,0.5558,0.553,-4.179,1.886,0.82
SOLUSDT,phase1_filtered,2486,0,0.0,0.0,0.0,0.0,0.0,0.0
BNBUSDT,baseline_rsi_ema,2486,5,60.0,0.6026,0.556,-5.603,1.966,0.91
BNBUSDT,phase1_filtered,2486,1,100.0,0.1269,0.119,-35.842,0.0,0.06
ADAUSDT,baseline_rsi_ema,2486,6,33.3,-0.0673,-0.092,-6.074,0.946,1.02
ADAUSDT,phase1_filtered,2486,0,0.0,0.0,0.0,0.0,0.0,0.0
